Tochinishiki,Y,196003,14,Y1e,1385.6538606508489
Yoshibayama,Y,195801,1,Y1w,915.0
Kagamisato,Y,195801,15,Y2eHD,936.1167242725733
Chiyonoyama,Y,195809,1,Y2eHD,1084.0496433160658
Matsunobori,O,196107,11,M7w,989.0800528516409
Tokitsuyama,S,195811,8,K1e,1091.0352297131235
Shimizugawa,K,195801,3,K1e,933.8537673247541
Kotodaigo,,201901,3,NULL,894.751314960001
Kaito,,202003,8,NULL,894.985445697946
Wakanohana,Y,196011,1,Y1e,1382.2451730002526
Asashio,Y,196103,14,Y1w,1297.0507788600435
Kotogahama,O,196103,13,O1w,1168.8547690813693
Wakahaguro,O,196103,7,O2eHD,1250.8700853856471
Tamanoumi,S,196001,2,K1w,1081.5115789825627
Wakamaeda,S,195903,5,S2eHD,1051.878498038865
Haguroyama,S,196203,7,S1e,1233.8081217614456
Kitanonada,S,196007,6,S1w,1143.0560801883253
Tsurugamine,S,196307,7,K1e,1180.9780198740011
Iwakaze,S,196111,13,K1w,1214.4373454233219
Shionishiki,K,196009,14,M5w,1032.4144811662788
Wakanoumi,K,196001,4,K2eHD,1107.8172221546574
Hajimayama,M4e,195901,14,M8e,936.1605915963761
Ohikari,K,196109,7,M1w,1105.321186632602
Shimanishiki,M5e,195901,7,M9e,938.2454334537426
Yoshakayama#,K,195801,15,M5w,972.640517976842
Futatsuryu,M3e,196007,4,M9e,1018.4735239882988
Wakasegawa,M3w,195811,6,M6e,971.1986299604587
Hoshikabuto,M7e,196301,11,M16e,1008.668075927273
Shinobuyama,S,195809,15,S1e,1024.2825058038227
Mitsuneyama,M2e,195909,15,M9e,981.4337619532677
Tochihikari,O,196309,3,O2eHD,1343.7356839585545
Daitenryu,M2e,196009,8,M6e,1016.1061010436325
Osegawa,M7e,195811,14,M8e,952.9486680281216
Dewanishiki,S,196209,2,S1e,1180.2712567457065
Fukunoumi,M10w,196001,9,J9w,952.8663551328285
Fusanishiki,S,196105,3,S2eHD,1172.4010731040667
Narutoumi,M9w,196009,14,J3e,994.266342562521
Koinose,M12e,195905,5,M20e,968.3122167537357
Otachi,M11e,195801,6,M12w,944.9235713909694
Atagoyama,M3w,195909,13,M15w,1028.17629062065
Wakabayama,M6e,195907,5,M11w,964.9763248324182
Ouchiyama,M2w,195801,6,M14e,984.0930981286007
Oikawa,M10e,196007,11,M15e,973.4258345202195
Hirosegawa,M14w,195801,8,M15e,943.4171881666481
Kuninobori,M5e,195901,4,M5e,1011.5225746918726
Naruyama,M1w,195909,8,M4w,1040.302716308207
Yasome,M16w,195905,1,M17e,1003.9223211071708
Maenoyama,M14e,195803,9,M18e,939.7514547550363
Dewaminato,M17w,195807,10,J3e,927.3626842888465
Yoshinomine,M8e,196209,15,M14w,982.7073202081813
Kiryugawa,M6w,195901,11,M11w,1004.1129226702592
Oginohana,S,196303,2,S1w,1175.002600886191
Miyanishiki,M13w,195903,8,M16w,951.8117076718776
Wakanoshima,J7w,201507,4,J12e,927.6150398710532
Kyokutaisei,M8w,201807,12,M8w,1067.2893819939247
Hidenoumi,M12w,202001,1,J2w,1025.6817769514691
Kotoeko,M7w,201907,13,M10e,1084.610013761149
Ononishiki,M20e,195801,1,M20e,915.0
Izuminada,M6w,196103,4,J1w,985.2098674041858
Hakuryuyama,M21e,195903,13,J18e,906.3535180221493
Takanishiki,M16e,195905,14,J1w,982.1288395369958
Onoura,J1e,195809,1,J3e,925.2433960666589
Kaminishiki,J1w,195803,1,J11e,915.7866422654947
Hiodoshi,M21w,195801,12,J2e,972.1568995757989
Matsunishiki,J2w,195805,12,J5e,949.1003464364986
Tsunenishiki,M1w,196401,13,M9e,1069.900485605464
Otayama,J3w,195801,1,J3w,915.0
Takimiyama,J4e,195811,7,J10w,963.3927543412644
Azumaumi,J3e,195801,9,J4w,933.6969623326717
Fukunosato,M20w,195805,1,M20w,979.2852201753664
Kiyoenami,M19w,195803,9,J4e,984.0225900068527
Sagahikari,J5w,195811,9,J10e,944.7866073471819
Maegashio,M18e,195805,9,J1w,1004.5851778079484
Masumiyama,J7e,195801,7,J7e,932.5895861464033
Dairyu,J4w,195809,5,J5w,982.7287079896291
Tachikaze,J8e,195801,1,J8e,915.0
Hiranoto,J6e,195803,14,J12e,942.7086973284986
Kanenohana,K,196207,15,M6e,1090.4317973972138
Amatsunada,M18w,195803,11,J3w,1010.4741085459698
Hideminato,J10e,195801,2,J10e,905.5750112778454
Hanenishiki,M10e,195803,15,J2e,1008.4569510892244
Otozaki,J11e,195801,1,J11e,915.0
Hirakagawa,J3w,195803,10,J5e,979.2053091361491
Yoshiiyama,J11w,195807,12,J15e,927.7808902141936
Miyabashira,M11e,196107,9,J1w,1020.0680186823148
Hidenishiki,J9e,195805,2,J9e,962.4655063227572
Toyonoumi,M18w,195809,4,M21w,1004.1804039219091
Hakuyuzan,J8e,195807,4,J13w,928.952526566088
Sakunobori,J6w,195801,9,J14w,952.7915045676006
Futaseyama,J15e,195801,1,J15e,915.0
Nanatsuumi,J7w,195805,6,J8w,938.1012533305897
Sakurakuni,J6w,195801,12,J16e,956.5195174408607
Ijuin,J7w,195903,9,J13e,929.4132406486951
Kamioiyama,J10w,195801,13,J17e,932.9561952117831
Wakanosato,J16w,195801,5,J17w,934.472169262058
Mikasayama,J18e,195801,1,J18e,895.0
Tatekabuto,J18w,195801,3,J18w,915.5584611379977
Akenoumi,J19e,195801,10,J19e,926.5310373367902
Isenishiki,J15e,195805,2,J15e,953.6880093687038
Nachinoyama,J20e,195801,1,J20e,915.0
Asanishiki,J14e,195805,13,J17w,962.2896020681756
Kashiwado,Y,196707,15,Y1w,1561.9914374375662
Tokitsuumi,J21w,195801,7,J21w,923.5747221568909
Kashiwaryu,J19w,195801,12,J22e,932.6810246588442
Myobudani,S,196511,8,K2wHD,1301.7273219765264
Fukudayama,M4w,196105,7,M6e,1048.6993487391658
Fukumidori,J23w,195801,3,J23w,915.5585142891053
Wakachichibu,S,196307,2,S1w,1230.1063374800478
Kiyonomori,M9w,196507,2,J1e,1027.087824037546
Kitabayama,O,196409,13,O1w,1386.9182358973935
Wakasugiyama,M1w,196503,6,M1w,1141.121219433069
Fujinishiki,K,196703,9,M2e,1287.2305182270954
Daigo,S,196603,3,K1w,1275.5978606848878
Ichinoya,M4w,196201,12,M9w,1015.8154345894322
Shinkawa,M2e,195907,9,M6e,1066.1458364315345
Aonosato,S,196805,5,M6w,1128.2053061300057
Nishinaka,J7w,195901,4,J10e,958.599674959691
Hisahikari,J10e,195811,6,J21w,960.4555816762283
Midoriiwa,J18w,195809,5,J19w,944.083669928169
Tamanoura,J7e,195811,12,J17w,991.7249515255243
Okinoshima,J7e,195903,2,J15w,924.5397343623492
Kochi,J3w,196003,6,J11e,952.8428224784079
Asanoumi,M9e,196209,13,M13w,1017.3422513199159
Oiteyama,M6e,196505,2,J2e,1085.2950888613939
Sawakaze,J2w,196101,5,J5w,944.9226766849787
Tochinoumi,Y,196405,15,Y2eHD,1419.2328654336015
Wakanokuni,M8e,196711,15,J2w,1051.454444458687
Taiho,Y,196903,1,Y1e,1718.8464283104227
Udagawa,M3e,196207,9,M5e,1053.8579094450772
Tsuboi,J22e,195903,5,NULL,913.4053096976037
Kainoyama,S,196805,14,M1e,1268.5537434522369
Tokinami,J3e,196011,8,J6w,954.5329915696011
Wakatokachi,J10e,195909,9,J18w,962.5209094441954
Matsushima,J7w,196001,8,J9e,983.8187818112408
Kairyuyama,S,196505,6,M1e,1200.2710390441548
Hagurogawa,S,196303,5,S1e,1210.5754765176441
Sadanoyama,Y,196507,11,Y1e,1512.905266530055
Kiminishiki,M3e,196305,10,M3e,1065.263602331217
Maedagawa,S,196207,13,S1w,1126.8559011904422
Niigiyama#,M11e,196101,13,J2w,1031.3078003838098
Unzenyama,J7w,196205,1,J7w,897.2907687003365
Omidori,J1w,196109,3,J5w,919.9771906903998
Daiyu,M1e,196911,14,M8e,1172.8294287489591
Sagaminada,J10e,196007,12,J19e,961.5195525297054
Tsunenomatsu,J13w,196007,5,J19w,928.7608976250023
Wakakoma,M8w,196101,9,J4w,1024.3900859087582
Wakatenryu,M1e,196509,5,M4e,1127.6024488555834
Wakamiyama,J15e,196103,14,J18w,914.4814413308977
Tenzan,J5w,196109,14,J13w,951.387656069737
Toyokuni,K,196611,5,M1w,1184.6000065012995
Hibikiya,J10e,196101,1,J18w,901.7393125421228
Tokitsunami,J4w,196103,7,J16e,953.7305456993507
Wakanami,K,196803,13,M8e,1203.9797389350756
Oyazaki,J7e,196101,5,NULL,924.3200466915703
Onosaki,J4w,196105,9,J16e,947.7830095294565
Amatsukaze,M3w,196305,11,M7e,1070.4718709450347
Taikon#,M5w,196203,14,M14w,993.6916300833778
Okanoyama,M5e,196109,10,J5e,1005.5933830799577
Miyanohana,M12e,196207,16,J2e,1003.5178291138076
Hirokawa,K,196407,4,M1e,1209.2658677038507
Yutakayama,O,196507,3,O1e,1386.9774121909256
Aranami,M4w,196501,5,M7w,1084.4935977562477
Wakanaruto,M6w,196605,12,M8w,1077.4875582302182
Ogiyama,M5e,196611,9,M10e,1076.4244483553878
Sawahikari,K,196405,15,M4e,1086.1498048642263
Tamaarashi,M4e,196307,6,M4e,1084.4728311204235
Azumanishiki,M15e,196207,15,J5e,982.2654790829829
Kitanokuni,M10e,196605,6,M11e,1057.8565317028347
Akashiumi,J11e,196205,5,J16e,927.5748649034081
Yoshinoiwa,J7e,196207,3,J7e,943.6020269664684
Terunoumi,J17w,196205,2,J17w,903.7132639626241
Tochioyama,M1w,196511,14,M3e,1155.6068382966719
Kotozakura,Y,197307,16,Y1w,1508.8503268645957
Daikirin,O,197107,13,O1w,1453.0200214895308
Sakahoko,M6e,196307,7,M6e,1080.777101644635
Hanahikari,M3e,196809,9,M8w,1179.1993289682769
Kurojishi,M12e,196307,4,M15w,1034.5418393558903
Daimonji,M5w,196911,15,M10e,1055.7447941967298
Asasegawa,M1e,196603,14,M2e,1201.3111157566022
Hasegawa,S,196907,13,S1e,1377.5135912864787
Sanbeyama,J4w,196307,5,J4w,972.416553131578
Kotetsuyama,S,196611,13,M4w,1216.80153116016
Orochigawa,J4w,196305,2,J7w,941.6989631235556
Kitanofuji,Y,197111,14,Y1e,1603.2263139651368
Wakamiyama,S,196511,11,S1w,1263.64054527688
Kiyokuni,O,197105,15,O2eHD,1468.9370074697715
Matsumaeyama,M9e,196703,14,J17w,1088.6521291498404
Shikinohana,J13w,196305,11,J18w,912.3753576965704
Tensuiyama,M10w,196505,4,M14e,1071.0097553197504
Yoshinohana,M1e,196707,11,M2w,1177.1925348096238
Kongo,J10e,196307,14,J17e,935.1298081144037
Datenishiki,J16e,196307,13,J18e,909.4477166384962
Kawachiyama,J7w,196311,1,J7w,952.3742393343284
Tamanoumi,Y,197109,4,Y1e,1672.6040912802894
Wakanoshima,M5w,196601,2,M5w,1089.2974441462375
Banryunada,J17w,196311,1,J18w,900.1885005787522
Mikiyama,J8w,196109,5,NULL,921.1075543509628
Terunohana,J6e,196403,10,J14w,954.6034783884267
Daikanyama,J11e,196401,9,J18w,950.6773856674941
Arakawa,J8e,196403,9,J16w,944.7117047199732
Wakafutase,K,196809,14,K2eHD,1256.392910201967
Akihikari,J3w,196503,4,J6w,989.6633582951476
Matsuhikari,J10e,196405,15,J18w,929.5076058842504
Tsugarukuni,J3e,196609,8,J3e,945.3712834804837
Fukunohana,S,197205,4,K1w,1256.868173753907
Hachiryu,J15e,196407,2,NULL,915.2475089662404
Maedahana,J4e,196807,1,J4e,930.0292767269572
Ryushoyama,J7w,196411,6,J14w,947.5428489439366
Daishin,M8e,196607,11,M13w,1087.3355329359517
Futagodake,K,196803,12,K1w,1218.6320698981176
Asaoka,M10w,196603,15,M14e,1033.4447326844652
Kainishiki,J16e,196501,2,J16e,894.4027143018944
Makimoto,M12e,197209,3,M12e,1005.5091959638754
Wakabayama,J5w,196601,7,J7w,936.0237814820244
Wakayoshiba,M6w,196709,13,M11e,1080.1680120888232
Tashiroiwa,J18e,196503,1,J18e,901.7022140740743
Tochitada,J9e,196505,2,J15e,920.9249195229054
Katsuhikari,M1e,197007,6,M6e,1106.5814892448836
Tochiazuma,S,197003,1,S1e,1316.291328086841
Akinokuni,J9w,196711,1,J9e,961.5986338056008
Misogidori,M2e,196611,3,M2e,1165.96652975755
Aonoumi,J6w,196509,12,J16w,963.4682575720371
Kumanoura,J9w,196511,8,J13w,959.4994325277676
Kitanohana,M6e,196807,12,M7w,1072.512267833401
Mutsuarashi,S,197005,4,K1w,1280.8579611392067
Haguroiwa,K,196909,2,M3e,1242.8765916544949
Maenoyama,O,197011,7,O2wHD,1456.0226514960782
Fujinokawa,S,196911,7,M2w,1278.6777142803562
Tenchiyama,J12w,196601,12,J18w,978.3112287042484
Hanaikada,J17w,196603,3,J17w,941.1627235129795
Wakahikari,J11e,196603,3,J18e,898.2506117508709
Dairyu,J6e,196605,4,J16w,964.9515209382251
Hayama,J10e,196607,14,J17e,924.3349010173466
Tokibayama,M2e,196905,2,M3e,1153.7229201511889
Asaarashi,M12e,197003,12,J3w,983.954555823037
Mitakayama,J17e,196607,13,J18w,930.2110746615618
Hakuryo,J3w,197201,9,J7e,977.9907534557027
Dairyugawa,M1e,196911,4,M1e,1156.5150624902317
Shinzan,J18w,196611,1,J18w,893.4216563765522
Hidenishiki,J18e,196609,7,NULL,910.6978249919287
Ryuko,K,197003,14,K1w,1311.3809537631082
Takamiyama,S,197407,13,S1w,1319.9498877888566
Arashiyama,M12e,196909,3,J1e,1004.099076445004
Tochifuji,M3e,196905,1,M6w,1099.707121163189
Asanobori,M2e,196911,8,M4w,1206.7174112612988
Asakaze,J2w,197001,5,J2w,976.6370449495071
Tochiisami,M7w,197011,13,M10w,1064.6742675930423
Kurowashi,J3e,196805,5,J4w,1002.4013243220813
Oiyama,M12e,196809,6,J1w,1020.1995536382964
Daisetsu,M3w,197103,4,M3w,1109.7077859164967
Shiratayama,M4e,197105,3,M4e,1085.40057800261
Takanohana,O,197703,15,O1e,1442.0040791941262
Ageshio,J2e,196911,8,J2e,975.6024259185656
Miyama,J5e,196903,2,J5e,935.6505326164271
Futagoryu,M5w,196903,12,M9e,1112.5354032740954
Edohibiki,J1e,196907,3,J1e,979.6946211030066
Owashi,M3w,197603,15,M10e,1098.4362102207983
Taiga,M1w,197005,11,M1w,1209.3808803290783
Yoshioyama,M2e,197205,4,M5e,1157.650837718308
Kurohimeyama,S,197407,8,S2wHD,1324.2796030119755
Mienoumi,Y,198003,1,Y1e,1588.5446144244236
Asahikuni,O,197605,6,O1e,1446.6698098647885
Kongo,S,197507,15,M1w,1295.4946005457293
Masuiyama,O,198003,1,O1e,1341.9537863032347
Manazuru,J1w,196911,14,J3w,995.0217076600421
Kitaseumi,S,197705,4,S1w,1238.3064841632176
Daiju,O,197309,1,O1e,1423.0332221042147
Hagiyama,J8e,196909,12,J11w,949.9964757512321
Teruzakura,M7w,197103,15,M12e,1054.469652505178
Oshio,K,197711,13,M3e,1205.4921304392105
Futatsuryu,K,197911,7,M4w,1137.2214602604217
Kabumoto,J9w,197003,1,J9w,927.527987603238
Kaiketsu,O,197505,11,O1w,1413.7833147919473
Fujizakura,S,197401,2,K1e,1269.6927885351608
Taikan,J4e,197003,12,J10e,971.9900418032147
Ryuo,M1w,197209,11,M9e,1116.8336738811531
Kasugaryu,J6w,197003,15,J12w,949.7869981877284
Ryoga,M13e,197301,15,J5e,977.2769526544089
Tachihikari,J7e,197003,11,J13w,953.3771942718129
Wajima,Y,197401,14,Y1e,1593.8139829603235
Yutakayama,K,197407,8,K1w,1268.6696666989753
Maruyama,M2eHD,197307,4,M2eHD,1031.4801966640882
Tochizakura,J4e,197103,3,J6w,968.7872168930327
Tochibayama,J9w,197103,1,J9w,949.4518910590618
Wakanoumi,M2e,197403,9,M3e,1156.8067220633259
Wakajishi,K,197609,2,K1e,1176.9237228919014
Byakuhoyama,J7e,197203,2,J7e,925.076595413033
Shurao,J4e,197403,10,J8e,948.2430471441593
Kitanoumi,Y,197809,14,Y1e,1707.4186823924933
Aobajo,S,197609,2,M1e,1239.337436150337
Iwatora,M7e,197305,1,M7e,1062.6545371326254
Atsuminada,J12e,197107,1,J12e,939.7747868298605
Tobishima,J13w,197105,13,NULL,915.8171787882835
Tenryu,M1w,197401,1,M1w,1128.511109099678
Tamakiyama,K,197905,14,M4e,1151.3659486742465
Shiraneyama,J13e,197201,12,NULL,913.7781329403632
Daio,M4e,197503,2,M11w,1062.7565208775216
Yoshinotani,M4w,197407,8,M7w,1117.1476637566082
Kunimiyama,J13e,196911,14,NULL,892.1883437850297
Washuyama,S,197707,13,M1w,1270.7607559371947
Haji,J11w,197205,12,NULL,904.2448907680754
Katsunishiki,M13w,197511,5,J2e,1006.5853228319313
Takanoyama,J11w,197011,15,NULL,895.5905787298799
Arase,S,197709,10,S1e,1314.1324610464633
Konryu,J12w,196905,9,NULL,893.9252581119516
Kotonofuji,M5e,197509,15,M11w,1097.0659605660294
Genbu,J7e,197303,3,J9e,971.3765863280585
Kaneshiro,S,197705,10,K1e,1250.2590799088487
Chiyozakura,M5e,197701,14,M10e,1050.3968833387848
Daisharin,J6w,197305,1,J11w,930.557713956389
Onishiki,K,198205,3,M2w,1190.9790412440598
Wakanohana,Y,197901,11,Y1e,1584.129798713399
Tochiiyama,J13e,197105,13,NULL,921.3876220141179
Kaiki,S,197907,4,S1e,1200.9379771965132
Tamanofuji,S,197805,13,S1e,1333.9650134092403
Chiyonoumi,J7e,197401,3,J7e,941.6042480698814
Kotonosato,J11w,197309,14,NULL,914.3078608553129
Kirinji,S,197903,4,S1w,1307.007085407083
Kenryu,J5w,197405,4,J5w,959.9856680280556
Kotogatake,M1w,197703,15,M12w,1096.0581410404734
Oshinoyama,J8e,197403,7,J13w,945.4503355416244
Kozan,J1w,197409,7,J4e,972.8587205346806
Aobayama,K,197811,14,M4w,1188.070755678959
Kasuganada,J3w,197805,4,J8w,971.6327027821484
Kiyonohana,J5w,197601,13,J12e,955.8539901674458
Daihi,M2e,197703,13,M8e,1060.3555443634468
Banryuyama,K,197809,14,M3w,1179.2670279583024
Teruyama,J8e,197411,2,J8e,945.1760385204318
Chiyonofuji,Y,198811,14,Y1e,1658.7272612136155
Wakasoryu,J8e,197409,6,NULL,929.8961481536115
Takanosato,Y,198311,14,Y1e,1567.3510468418554
Masudayama,S,198105,1,M1w,1177.0199579867324
Daigo,M11e,197509,12,J1e,1019.4096292794368
Kurama,S,197803,13,K1e,1234.0920248402942
Naniwaryu,J10e,197505,11,J12w,964.3569457379044
Dewanohana,S,198205,15,S1e,1333.6271356164505
Ohashi,J13w,197505,2,J13w,904.300086646428
Konuma,M9e,197603,13,M14e,1070.2627878623534
Zaonishiki,M1w,198103,6,M3e,1142.6971168039217
Taiko,M8w,197807,10,M8w,1063.4943147550612
Onoumi,M4w,197703,1,M4w,1040.6861355252013
Ryumon,J1w,197611,11,J3w,987.5139040216301
Kotokaze,O,198311,10,O1w,1456.8259110488864
Kurosegawa,K,198003,6,M2e,1205.4630246595523
Hachiya,M6w,198411,1,M6w,1069.766586481465
Shinko,M8w,198005,5,M13e,1057.6236229258277
Iwanami,M8w,198001,7,M9e,1104.0142439871734
Kototateyama,J7w,197807,3,J7w,966.3215778811358
Tochiakagi,S,198003,1,S1e,1327.390066967576
Misugiiso,M2w,198203,10,M2w,1167.8034437137144
Chikarakoma,J11w,197701,9,J11w,914.6146025894784
Ushiwakamaru,J8e,197709,8,J10w,955.5975693256939
Yamaguchi,M4w,197905,2,M5w,1138.8694318939968
Shishiho,M2w,198301,14,M12w,1103.1741843419425
Ozutsu,S,198105,9,S2eHD,1277.8225644426834
Suiryu,J2e,197811,5,J8e,973.6701139335063
Amanoyama,M1w,198103,12,M5w,1169.5471249198827
Kotowaka,M2e,197907,5,M8e,1105.935912647519
Kagetora,M11e,197907,7,M13w,1024.9931009792795
Sadanoumi,K,198203,4,K1e,1207.7712242450266
Kitanohana,J4w,197803,15,J13e,974.9155322913672
Hoo,S,198407,8,S1e,1167.1146403575306
Tsunenoyama,J12w,197805,9,J12w,900.2659611752404
Tochitsurugi,M2w,198403,3,M2w,1104.5711304019103
Ofuji,J6w,198003,7,J7e,966.0364944627999
Asashio,O,198303,12,S1e,1420.2159945844235
Takabayama,J10w,197801,1,NULL,925.1416718608655
Takarakuni,M2e,198401,3,M8w,1097.4917273238673
Chikubayama,M13e,198607,1,J1e,1036.8195977129658
Toryu,S,198209,8,K1w,1196.448688046273
Kaminosato,J12e,197901,5,J12e,922.0921119929645
Hakuryuyama,M13e,198111,10,J3w,998.2635327521681
Jakuetsu,J12e,197703,12,NULL,930.736132544897
Matsuyama,J1e,198003,6,J5w,979.5564550917893
Tamaryu,K,198603,5,M2e,1136.958878565819
Hakuryu,J1w,198211,2,J2w,993.0306313998802
Hidanohana,M1w,198111,8,M1w,1128.029267072336
Kotonoryu,J11e,197909,1,J11e,907.8352395221298
Kotochitose,M5e,198109,7,M5e,1077.9208592072694
Itai,K,198611,5,M3e,1147.742299301266
Shoho,J11e,197907,4,NULL,914.492431865211
Daijuyama,S,198209,8,M1e,1253.8584334926927
Daitetsu,K,198701,15,M6e,1107.2775817050435
Wakashimazu,O,198409,13,O1e,1502.4142355972865
Hokutenyu,O,198509,10,O1e,1426.398777356082
Ayanoumi,J13e,198007,2,J13e,907.2039401037985
Wakasegawa,M1w,198901,15,M7w,1120.142323625924
Kinoarashi,M2e,198303,3,J2e,1171.6966953413141
Tagaryu,S,198411,14,K1w,1184.8358281357434
Oyutaka,K,198301,3,K1w,1121.0163797501398
Takamisugi,K,199211,15,M1w,1127.8252483204326
Wakanofuji,M2e,198207,15,M5w,1099.790328688992
Oko,M14e,198205,15,J4w,985.6800295145414
Koboyama,S,198311,14,M7w,1146.9029216112576
Fujinoiwa,J13w,198103,7,NULL,914.5939256777708
Sakahoko,S,198903,1,S1e,1310.0139256204313
Nishinofuji,J10w,198107,15,J12w,934.8233228266272
Kakureizan,J2w,198305,5,J4e,957.530015367746
Hoshiiwato,M14e,198905,15,J2w,972.686592264678
Tengoyama,J5e,198111,9,J12e,968.9031507777257
Harunafuji,J2e,198203,6,J6e,977.7471063581746
Tochimatoi,M11e,198703,5,J4e,1034.1872333162032
Kusatake,J11e,198201,6,J11e,924.7515790155373
Tochitsukasa,S,198703,1,M1e,1187.8312133394122
Asahifuji,Y,198905,13,O1e,1541.197724082917
Onokuni,Y,198711,1,Y1w,1483.8027933675146
Kaio,J7e,198205,10,J10e,934.2900727465061
Kirishima,O,199103,1,O1e,1462.6672977316553
Jingaku,K,198607,6,M1w,1148.3590440305013
Dewanoshima,J7e,198209,15,J13e,940.141102204322
Sanofuji,J5e,198211,6,J10e,950.3996106899843
Tochiizumi,J3e,198307,10,J4w,1022.84394142119
Shiraiwa,J7e,198311,11,J9w,912.1673488084392
Hokutoumi,Y,198903,11,Y1e,1534.7496385849329
Ichinowatari,J5e,198503,2,J5e,987.7340551174161
Rinho,J11w,198305,5,J11w,927.6885056172061
Hananokuni,M1e,198909,4,M4e,1168.0852531829426
Onohana,M13w,198711,14,J1w,1058.1710015670137
Seionada,J9w,198307,9,J12w,915.9288232535354
Kiyomidake,J13e,198307,11,J13e,924.44770652047
Masurao,S,198705,3,K1e,1270.2573372266602
Hananoumi,K,198705,8,K1w,1215.6869625855397
Koryu,M4w,198611,1,M4w,1054.2346812027351
Fujinokawa,M3e,198603,1,M7e,1112.1560467598201
Sekinohana,J11e,198311,4,J11e,936.3906139029252
Konishiki,O,199205,4,O1e,1472.1992661489212
Maenoshin,K,198707,15,M8e,1104.0878651459839
Hiyama,J12e,198401,1,J12e,935.515696008347
Futahaguro,Y,198701,12,Y1w,1488.7451535522932
Hanaryu,J12e,198401,4,J13w,903.6406028778068
Kotogaume,S,198911,5,S1e,1345.562721456853
Hanaarashi,J9e,198407,9,J12e,931.5659448135374
Mitoizumi,S,198911,13,K1e,1310.5990700254013
Wakatsukuba,J8w,198405,14,J11w,924.6270353643586
Fujinosato,J13e,198403,14,NULL,938.1082571548985
Terao,S,199001,3,S2eHD,1285.4196834765053
Sasshunada,M1w,198707,2,M6e,1077.3182762051017
Misugisato,K,199207,5,K1w,1230.4380084012992
Tenkoyama,J13e,198409,3,J13e,929.0204912958031
Iyozakura,J11e,198411,2,J11e,929.2041700475469
Fujinoshin,M1e,198907,3,M6e,1069.0461055416556
Takanofuji,K,199005,15,M9e,1095.8034419111466
Tochinohana,J4e,198603,11,J8e,957.5184495701793
Kotoinazuma,K,199511,7,K1e,1155.102911818212
Tachinofuji,J11e,198503,13,NULL,921.185046037839
Takuetsuyama,J5w,198511,13,J5w,964.1582069481574
Ojishi,J11w,198507,6,NULL,894.0114702982273
Otaka,J4w,198601,10,J4w,983.5871301377061
Kototsubaki,M3w,199211,12,M14e,1129.187820313851
Kirinishiki,M2e,199205,15,M6w,1130.4562212033825
Iwatefuji,J6e,198901,15,J12w,951.9213224644702
Ryogoku,K,199007,6,M3e,1235.0346076554292
Wakanoumi,J4e,198609,2,J4e,982.9114633910059
Enazakura,M1w,198803,5,M3e,1097.1708857207182
Tamakirin,J6w,198611,3,J9w,963.4144503675667
Tochinowaka,S,199203,13,K1e,1345.8440195435428
Saganobori,M14e,198809,10,J1e,985.8237297324662
Kotofuji,S,199107,13,M13e,1187.4802378027136
Kitakachidoki,M3w,199403,6,M3w,1114.81505161673
Morinosato,J9e,198705,13,J13e,935.4833947711968
Ishinriki,J1w,198809,8,J6e,986.3422902111656
Nankairyu,M2w,198809,5,M5w,1110.4613457775138
Akinoshima,S,199007,8,S1e,1307.3797911406743
Toyonoumi,M1w,199209,8,M1w,1160.3193962820465
Kitafubuki,J9e,198709,12,NULL,933.2042540554628
Fukuryudake,J12e,198711,2,J12e,905.7228220452243
Hananofuji,J1w,198811,4,J1e,997.0140102382684
Kasugafuji,M1e,199407,8,M3e,1100.7193659170905
Daizen,K,199405,14,M4w,1149.7435918836568
Kiraiho,M4e,199209,1,M4w,1117.6984573221869
Dairyu,J4e,199503,12,J8e,986.0769757481027
Kotonishiki,S,199111,14,K1w,1349.738042361137
Tsunenoyama,M12e,199205,10,M15e,1022.5230281545837
Kiyononada,J13w,198803,6,J13w,925.2702389621406
Dewanokuni,J3w,198901,4,J3w,975.1010361928824
Hidenohana,J5e,198805,16,J13w,979.0237531665558
Kyokudozan,K,199211,1,K1w,1212.0469645850799
Tachihikari,M15w,199207,8,M15w,993.5609335830045
Takanomine,M12e,198901,15,J1w,999.845643941328
Owakamatsu,M13w,199007,9,M13w,1041.1112031721154
Komafudo,M13w,199211,14,J12e,999.5949192934686
Kyokugozan,M9e,199007,10,M9e,1024.3826120066158
Asahisato,M14w,199005,6,J1e,1033.290742064619
Kushimaumi,M1e,199303,12,M2w,1213.1758500242527
Zenshinyama,J2e,199703,11,J5e,992.2634102459679
Takatoriki,S,199611,4,S1e,1322.1238539900912
Kotobeppu,M1e,199301,10,M9w,1129.6102265297109
Oginohana,M2e,199107,5,M10w,1131.1365548086744
Ryukozan,M5e,199001,15,M10w,1072.5344516977564
Tamakairiki,M8e,199311,15,M13w,1035.7734466417132
Fukunosato,J13e,198909,9,J13e,914.7574656350912
Kotohakusan,J4e,199101,3,J8e,943.7795429778427
Takanohana,Y,199701,14,Y1w,1621.622176568393
Goken,J5e,199007,8,J12e,961.8061193948614
Ryujuyama,J8e,198911,5,J13w,976.4136025837337
Kumao,J5e,199105,13,J11w,953.603423003991
Akebono,Y,200011,15,Y1w,1582.3705493114264
Wakanohana,Y,199807,5,Y1e,1441.0932603608073
Daishoyama,M2w,199201,1,M2w,1166.8718449137027
Yutakafuji,J5w,199301,7,J11w,936.3142336891731
Kotonowaka,S,199901,10,S1w,1301.0137320128806
Tomoefuji,K,199209,6,M13e,1183.2202897283853
Yoshinobori,J4e,199011,10,J11e,963.0784430581011
Ryugahama,J7w,199101,9,J8w,962.4528999538328
Tokitsunada,M4e,199307,12,M4e,1098.9069336621696
Oishida,J13w,199009,1,J13w,922.3860921736033
Terunoumi,M15e,199105,8,J6e,1005.2069938950228
Naminohana,K,199503,1,K1e,1126.382234486435
Yamanishiki,J10w,199011,15,J13e,922.6860619046475
Tatsuhikari,M6w,199205,7,M9w,1049.8897927115856
Daigaku,J2w,199201,6,J4w,981.4437297910832
Daishoho,K,199301,1,K1e,1209.1180987964242
Tochitenko,J4e,199309,5,J4e,972.8979000867284
Kenko,K,199509,9,K1w,1240.5942361182715
Mainoumi,K,199407,15,M4e,1143.6855977300793
Takanonami,O,199801,4,O1e,1439.9959459081767
Seifuriki,J12w,199103,4,J13w,937.726681879677
Wakashoyo,S,199303,11,K1w,1261.4678272161664
Hitachiryu,M14e,199307,5,M16w,1011.6529561939194
Wakanoyama,K,200101,12,M3e,1183.2022408701011
Musashimaru,Y,200107,10,Y1w,1535.7289937448825
Kengaku,J11w,199109,6,J11w,901.2582902782682
Oginishiki,K,199705,14,M5w,1207.0812584075695
Taishin,J9w,199111,3,J9w,904.7270032764709
Akinomine,J11e,199107,13,NULL,893.6921509719116
Aogiyama,M1w,199803,15,M7w,1164.2196123449705
Kaio,O,200501,6,O1e,1492.493957299358
Ganyu,M1w,199707,7,M8w,1116.9783244789073
Minatofuji,M2e,199511,5,M5w,1135.9637205021677
Kanechika,J2w,199505,5,J2w,998.0384874663367
Genkai,J12e,199205,4,J13e,896.1739828647814
Higonoumi,M1w,199509,1,M3e,1149.3982018519712
Tochinofuji,M11e,199305,7,M11e,1021.2601857260005
Wakatosho,J9e,199207,10,J13e,940.9132703502131
Hoshitango,J3w,200001,3,J3w,975.637306983837
Hidenoumi,J9w,199205,14,NULL,913.2842124823544
Hoshiandesu,J2w,199311,12,J6w,998.7471089395023
Yamanakayama,J13e,199211,3,J13e,896.5651807378864
Tomonohana,K,199401,5,K1e,1167.9044241986626
Asanonami,J3e,199301,12,J10w,984.1831310780858
Asanowaka,M1w,200003,8,M8e,1110.2306936516682
Hamanoshima,K,199409,10,K1w,1140.563404519338
Asanosho,M2w,199909,14,M2w,1143.511702178838
Musoyama,O,200003,11,S1e,1421.797231590964
Daishi,M3e,199607,7,M3e,1105.0866212848607
Shikishima,M1w,199807,8,M3w,1143.97649123577
Rikio,M4w,199701,6,M13w,1099.3381117298766
Chokairyu,J9e,199307,3,J12w,962.4068887488697
Umenosato,J13w,199307,8,J13w,917.7995424178192
Mutsuhokkai,J6e,199411,4,J6e,953.6178503062151
Kiyonofuji,J11e,199311,5,J13e,943.7924032053684
Ohidake,J7e,199311,5,J7e,961.4716206258886
Susanoumi,J2e,199907,12,J6w,1001.9589163206382
Asahiyutaka,K,199609,12,M1e,1255.3198282154776
Shigenoumi,J11w,199309,14,NULL,910.977981294311
Oyamato,J12e,199311,12,NULL,915.2103265928471
Ryudo,J8w,199507,12,J10w,950.436384180201
Daiden,J13w,199403,1,J13w,941.0396086513659
Kotoryu,M1w,200203,14,J1w,1168.0209330854398
Mutetsuyama,J11w,199603,7,J11w,930.3675167934473
Wakahayato,J3w,199603,13,J3w,999.7082172832727
Sentoryu,M12w,200007,13,M13e,1043.3412684576613
Tosanoumi,S,199911,9,K1w,1365.0180738781307
Tsurunofuji,J9w,199501,5,J10e,970.6112356025386
Kyokushuzan,K,200403,1,M1w,1208.1033599421924
Gokenzan,J6e,199509,1,J11e,958.3469937101694
Tamakasuga,S,199707,6,S1w,1257.0196391168026
Yamato,M12w,199703,10,M12w,1090.9534171883408
Daihisho,M10e,199701,6,M10e,1095.6947277720885
Gojoro,M3e,199805,15,M7e,1113.2104247328714
Chiyotaikai,O,200209,12,O1e,1460.638007498872
Daiki,J10w,199511,2,J10w,942.9971293672919
Wakanojo,M6w,199805,7,M9w,1065.4509434748893
Sunahama,J5e,199603,1,J5e,990.2054188641072
Saigo,J5w,199603,15,J13w,975.0602421681901
Kotokanyu,J7e,199603,1,J10e,925.1002173344724
Otsukasa,M4w,200203,8,M5w,1123.758844759727
Kyokutenho,S,200307,3,S1w,1315.4543966119036
Chiyonowaka,J9e,199609,14,J13e,933.7952281904238
Tochiazuma,O,200605,1,O1e,1492.9780953386964
Kotoarashi,J9e,199605,14,J13w,916.6416584325948
Dewaarashi,M14w,199809,3,J2e,1010.800246003539
Dejima,O,199911,11,O1w,1423.4741010564871
Tochinonada,S,200409,4,M3w,1285.2348637405566
Chiyotenzan,K,199905,15,M3e,1197.5467513988995
Ohinode,M9w,199911,6,M13e,1056.435468223473
Akinoshu,M9w,199801,1,M9w,1076.182038335295
Oikari,M11e,200001,12,M13w,1069.352588034115
Kaiho,K,200111,5,K1w,1220.6915297463254
Tokitsuumi,M3e,200405,4,M4e,1210.1781310306706
Toki,K,200311,1,M2e,1233.4940802361125
Wakanosato,S,200411,11,S1e,1396.2124870338534
Arashi,J10e,199711,12,J12w,943.5335418721314
Hokutohikari,J10w,199803,8,J10w,937.3650746025753
Jumonji,M6e,200505,4,M7w,1131.3152497351591
Kinkaiyama,M6e,200403,5,M7w,1104.2230833383364
Tochisakae,M1w,200207,15,M10w,1129.280021894246
Masutsuyoshi,J6w,199805,1,J8w,960.430621616184
Yotsukasa,M11e,200311,15,M15w,1050.3718541741434
Dewataira,J4w,199807,3,J10e,964.310854416837
Kitazakura,M9w,200109,6,M13e,1067.9659626652597
Toyozakura,M5e,200409,1,M5e,1123.2926857630234
Miyabiyama,O,200607,15,S1e,1429.7634538402112
Kobo,M9w,200301,2,M14e,1017.927169095387
Tochinohana,K,200011,1,K1e,1211.2842156598404
Hayateumi,S,200107,1,M1e,1246.3824988033718
Futatsukuba,J13w,199809,12,NULL,913.2012947813982
Nakao,M12e,200105,4,M12e,1031.2857461151807
Takanowaka,S,200301,1,S1e,1296.7814286671926
Towanoyama,M13w,200205,3,J9w,1000.9694361654995
Kasuganishiki,M5w,200309,3,M5w,1069.9263989017973
Tamanokuni,J7e,200011,5,J11e,925.4363083741442
Kotoiwakuni,J12e,200307,6,J13e,902.4361883708876
Tamarikido,M8e,200305,8,M8e,1081.4940183480082
Tamanoshima,S,200511,5,M1e,1273.2931846281347
Kotomitsuki,O,200707,14,S1e,1469.046419224364
Takamisakari,K,200309,7,M1e,1287.2568147850961
Wakakosho,M14e,200011,1,M14e,1016.730959601972
Aminishiki,S,200709,8,S1e,1320.7207657767185
Buyuzan,M1e,200201,15,M8e,1126.3507077464596
Wakatoryu,J3w,200105,7,J3w,1000.456216082115
Senshuyama,J1e,200209,14,J2e,1002.0606485863774
Tomikaze,J8w,200009,11,J13w,952.8894319638235
Hamanishiki,M11e,200201,11,M13w,1075.721977193576
Asashoryu,Y,200703,9,Y1e,1677.0734948587246
Kuniazuma,J4w,200101,5,J6w,998.3135122480576
Juzan,J2e,200107,13,J2e,949.6421036676109
Harunoyama,M10e,200405,1,M10e,1042.1814680954017
Shunketsu,M12w,200509,13,M12w,1040.2193192234108
Furuichi,J12e,200011,15,NULL,901.6793038753416
Takanotsuru,M8w,200301,12,M12w,1087.0644682088036
Shimotori,K,200407,13,M4e,1243.9521143235152
Sumanofuji,J9w,200105,2,J10w,948.4370385110567
Wakatoba,M11e,200311,1,M11e,1069.1751824202138
Wakaazuma,J13w,200105,1,J13w,931.690618114348
Wakatenro,J2w,201011,7,J3w,932.4742947447809
Hokutoriki,S,200405,13,M1w,1294.5114646846705
Ushiomaru,M10w,200211,5,M10w,1082.6221853537086
Iwakiyama,K,200501,2,M1e,1294.3800250298634
Hokutoiwa,J10e,200205,9,J10e,936.5562544029111
Daishodai,J1w,200511,15,J3e,975.3402120964832
Kotonomine,J13w,200205,8,J13w,947.7855387787931
Asasekiryu,S,200805,4,K1w,1302.99341456442
Kasugao,M3w,200709,14,M10w,1121.9165618533943
Takekaze,S,201407,12,M4w,1241.6665574235712
Ryuho,M16e,200609,2,M16e,979.377862292923
Dewanofuji,J9w,200309,8,J13w,926.4005968840319
Kakizoe,K,200503,11,M2w,1257.7433203956286
Hidenokuni,J13w,200303,1,J13w,899.808629562452
Kokkai,K,200503,6,M4e,1288.5450923624462
Futeno,K,200509,2,K1w,1211.5162593522232
Kaido,J4w,200403,11,J4w,951.104302582128
Asofuji,M13e,200609,15,J1e,993.1739165259562
Tochifudo,J12w,200309,2,J13e,929.3986274067871
Bushuyama,M3w,200911,15,M3w,1113.645226471405
Roho,K,200611,4,K1w,1332.7691911732195
Daimanazuru,M16w,200605,6,J1w,955.3679863867812
Hakuho,Y,201105,12,Y1e,1795.5786007878708
Tokitenku,K,200801,11,M1w,1309.2789350159474
Harumafuji,Y,201403,11,Y1w,1560.557174004373
Ichinotani,J12e,200403,1,J14w,911.6979864450363
Kotooshu,O,200907,15,O1w,1453.8525677472778
Kisenosato,Y,201703,12,Y1w,1555.6148301414737
Toyonoshima,S,201111,13,K1e,1372.2387173481802
Katayama,M13w,200505,7,M16w,1028.312314272948
Kotoshogiku,O,201111,9,O1w,1492.4056007221222
Wakakirin,M9w,200711,15,M15w,1060.0230577087802
Hakurozan,M2e,200605,3,M8w,1164.9745280616405
Tamaasuka,M9w,200507,11,M14e,1033.7595337918615
Toyonokuni,J13e,200409,15,NULL,907.1390845669059
Kotokasuga,M7e,201101,14,M13w,1017.4290030525781
Maikaze,J10w,200501,9,J10w,917.6805838642008
Chiyohakuho,M6w,200905,2,M6w,1113.1410058317563
Oiwato,M16e,201303,9,M16e,944.9993457034485
Dewanosato,J14e,200505,1,J14e,895.0652886381944
Kyokunankai,M16e,200603,12,J6w,999.7890120380952
Yoshikaze,S,201711,11,S1w,1268.2803371942887
Masatsukasa,M8w,200807,15,M16e,1045.7975274710625
Raiko,J11w,200509,1,J11w,901.4665741123557
Shirononami,J4w,201001,1,J9e,962.6958117594774
Dairaido,J2e,200511,13,J7w,985.1827192248272
Baruto,O,201005,7,O1w,1538.2078554300829
Kakuryu,Y,201405,3,Y1e,1541.8069375456419
Mokonami,M6e,201005,7,M11e,1097.981206895778
Homasho,K,201109,15,M1e,1286.9091042386392
Satoyama,M12w,200703,10,J4e,1040.3967567674313
Hochiyama,M14w,200607,9,J6e,1046.0742652645633
Dewaotori,J10w,200605,5,J12e,934.3824803327943
Oga,J6e,200607,6,J7w,989.5233355691466
Ryuo,M8w,200707,3,M8w,1073.6215454319297
Tochiozan,S,201407,1,S1w,1409.2302287437815
Goeido,O,201611,5,O1e,1468.2815849031028
Hakuba,K,201009,12,M5w,1167.397231964843
Wakanoho,M1w,200805,15,M2w,1221.1895880748425
Koryu,M11w,201101,14,M12e,1028.5679146477673
Toyohibiki,M2e,200905,15,M11w,1155.089483771464
Takamifuji,J13e,200407,15,NULL,892.4724588173384
Sakaizawa,M15w,200801,11,J3e,1050.352327391412
Kitataiki,M2e,201101,7,M8e,1155.0581127480893
Hoshihikari,J1w,200801,10,J5w,995.8107648374411
Kiyoseumi,M13w,200801,14,M16e,1045.3267112704543
Sagatsukasa,M9w,201109,10,M9w,1017.9825223028479
Yoshiazuma,M12e,201111,12,J1w,962.4334217627594
Kimurayama,M7w,201011,4,M7w,1078.152732813581
Tochinoshin,O,201807,5,O1w,1387.8411332003063
Kirinowaka,J4w,200607,15,NULL,930.6535664017791
Tamawashi,S,201903,1,S1w,1336.471611075852
Wakakoyu,K,201205,15,M6e,1175.3709993006185
Hokutokuni,J6e,201207,3,J6e,945.0245464074085
Tosayutaka,M1e,201105,13,M9e,1141.576619933442
Daiyubu,J10e,200805,3,J10e,916.9940766927012
Aran,S,201009,15,S1e,1281.392663750615
Yamamotoyama,M9w,200907,7,M11e,1076.9283939099016
Yotsuguruma,J8w,200811,2,J8w,924.3360870622463
Shotenro,M2e,200909,6,M2e,1137.3013545326323
Daishoumi,J10e,200903,6,J11w,941.2976929507803
Kotokuni,J4w,200905,1,J4w,950.5110905332733
Okinoumi,S,201609,6,M1e,1313.536464122245
Tokusegawa,M1w,201101,15,M4w,1182.0541168159777
Kotoyutaka,J5w,200903,5,NULL,903.2860054396517
Sotairyu,M15w,201301,10,J4e,960.9208211757599
Hoshikaze,J3e,201011,1,J3e,942.5961350501763
Tokushinho,J6w,201309,5,J6w,951.2077042150612
Gagamaru,K,201205,5,M2w,1191.9617602621436
Sokokurai,M2e,201703,9,M2e,1146.6945715360066
Myogiryu,S,201309,2,S1e,1349.3728204905133
Sadanofuji,M2w,201603,15,J4e,1099.1000259136335
Masuraumi,J5w,201003,10,J14e,929.4865733227628
Daido,M8e,201211,3,M8w,1033.9093517794279
Shohozan,K,201309,8,M1e,1296.5332425270456
Kaisei,S,201607,4,S1e,1247.4754854362977
Sadanoumi,M1w,201507,11,M1w,1166.339026994284
Shironoryu,J1w,201009,13,J11w,970.1494092148913
Nakanokuni,J12e,201007,15,NULL,934.4645270336904
Takarafuji,S,201607,10,M2w,1262.2922547202136
Tochinowaka,M1w,201203,11,M1w,1165.560338480888
Takayasu,O,201807,2,O1w,1417.3212113364991
Masunoyama,M4w,201311,5,M11e,1063.376222880196
Akiseyama,M16e,202003,15,J14w,968.0314458177211
Tsurugidake,M16w,201101,4,J14e,926.9881085293256
Nionoumi,M16w,201305,15,J5w,943.9059749066976
Fujiazuma,M4w,201311,7,M12w,1067.9514283712945
Aoiyama,S,201405,12,M1e,1265.818885512211
Takanoyama,M12w,201209,13,M16e,988.6582382281955
Kaonishiki,J6w,201107,1,J6w,937.418442616665
Tenkaiho,M8w,201309,12,M12e,1003.3980625760761
Chiyonokuni,M1e,201711,3,M4e,1170.196395382753
Hitenryu,J13e,201107,2,J13e,926.8412413926527
Arawashi,M2w,201801,15,M4w,1169.7371410903625
Kimikaze,M13w,201203,15,J7w,994.0015128183712
Kyokushuho,M4e,201505,9,M11w,1118.6163282516268
Chiyozakura,J11e,201109,9,J11e,910.9823598240009
Chiyoarashi,J10e,201109,5,J11w,939.1426522542273
Kotoyuki,S,201605,9,S1e,1223.5055093814053
Hishofuji,J13e,201109,1,J13e,924.3473745377676
Tokushoryu,M2w,201507,2,M5w,1146.0381197146125
Asahisho,M11e,201203,12,J4e,988.8971220400763
Ikioi,S,201405,13,M5w,1251.6000031454423
Amuru,M5e,201507,11,M10w,1087.5869464046657
Kitaharima,M15e,201607,7,M15e,1000.0770376921126
Chiyotairyu,K,201307,8,M3e,1260.0864361214024
Homarefuji,M6w,201503,6,M7e,1053.6034979460749
Chiyootori,K,201405,10,K1w,1163.637222674463
Sensho,J14e,200901,11,NULL,893.1239234023597
Masakaze,J12e,201109,14,NULL,892.6343572139521
Jokoryu,K,201501,3,M4w,1161.6879927289992
Oniarashi,J7w,201205,4,NULL,903.8172916502915
Takanoiwa,M2w,201809,11,M13w,1165.9189857881458
Yamaguchi,M16w,201709,4,J5w,986.1846978190098
Keitenkai,J11e,201209,1,J11e,920.6968828122043
Tanzo,J6w,201209,7,J11w,946.8337692184086
Ryuden,K,201907,3,K1w,1212.5188959243908
Azumaryu,M14e,201911,16,J1e,1041.4335366713738
Kagamio,M9w,201507,9,M14w,1054.068794677593
Tochihiryu,J7w,201305,11,J7w,942.4174959820042
Kizenryu,J11e,201305,1,J11e,913.4659884428769
Chiyonoo,M15e,201701,14,M15e,1004.9939578537617
Seiro,M14w,201607,5,J3e,1016.324434518595
Osunaarashi,M1w,201603,8,J1e,1263.6101908255905
Endo,K,201909,6,K1w,1314.5138542155532
Kotomisen,J12w,201305,14,NULL,909.6385181560355
Terunofuji,O,201603,3,O1w,1406.8141830466614
Chiyomaru,M5e,201803,12,M5e,1133.5475947358495
Higonojo,J9w,201311,6,J14e,934.8905037073595
Sakigake,J10e,201305,13,NULL,894.2573054465931
Ichinojo,S,201411,3,S1w,1321.8538517774828
Daieisho,K,201911,8,M1e,1255.7888298921587
Dewahayate,J9e,201605,3,J9e,936.269228872122
Kagayaki,M4w,201811,1,M6w,1114.3412019834689
Onosho,K,201805,5,J1w,1252.0880371684768
Abi,K,201911,15,K1e,1283.4795953244793
Amakaze,M13e,201609,3,M13e,1029.2880751586279
Ishiura,M8w,201509,2,J12e,1067.4317064987088
Daishomaru,M5e,201805,7,M9e,1105.859237311428
Nishikigi,M2e,201901,3,M2e,1193.2935472706124
Mitakeumi,S,201911,1,S1e,1375.3432278233377
Takaryu,J13w,201507,3,J13w,930.1531848277472
Shodai,S,202003,2,S1w,1292.850594115453
Asabenkei,J7w,201605,10,J11e,971.4008055714523
Tsurugisho,M7e,201911,4,M7e,1103.1453177863589
Chiyoshoma,M2w,201805,15,M6e,1133.451940972002
Takakeisho,O,201909,12,S1w,1397.9998300036568
Ura,M4e,201705,12,M10w,1158.9646287150688
Hokutofuji,K,201911,4,K1e,1320.4480074723851
Shimanoumi,M6w,201907,10,M6w,1151.2110302888725
Daishoho,M9w,201907,6,M9w,1044.1322283212012
Yutakayama,M2e,201807,15,M9w,1157.284769334986
Meisei,M2w,201911,5,M2w,1188.0022869338159
Rikishin,J10e,201703,14,J13w,948.0887311087471
Terutsuyoshi,M9e,201909,1,M9e,1094.8438607150272
Daiamami,M11e,201803,8,M16e,1098.6057169562355
Asanoyama,S,201911,14,K1w,1315.0360948553769
Takagenji,M10w,201907,3,M10w,1077.935048868684
Tobizaru,J4e,202003,15,J4e,1004.9885164354163
Yago,M10w,201901,8,M13e,1075.1473894184423
Daiseido,J12w,201709,6,J14e,951.9939816668873
Takanosho,M9e,202003,15,M9e,1155.3384319480313
Mitoryu,J4w,201811,12,J12e,977.5450185259433
Akua,J6w,202003,2,J6w,916.2790383475492
Takanofuji,J5w,201907,15,J12e,959.2308515580929
Enho,M4e,202001,13,M5w,1127.4327857650162
Hakuyozan,J3e,202003,12,J12e,980.3211444814103
Wakatakakage,M16e,202003,10,J2w,1059.0852578897582
Chiyonoumi,J8w,201903,6,J8w,971.9609154600092
Churanoumi,J7w,202003,5,J7w,924.5188846778177
Gokushindo,J13w,201807,8,NULL,894.2049376545109
Tomokaze,M3w,201909,8,M3w,1204.9165480844235
Wakamotoharu,J10w,201901,9,NULL,913.2467937502337
Kiribayama,M8w,202003,15,M8w,1104.4747082946662
Irodori,J11w,202001,1,J11w,903.0955477048718
Ryuko,J12w,201907,6,J12w,914.1071206674744
Ichiyamamoto,J6w,201909,15,J9e,971.4218894778643
Kizakiumi,J3w,201911,10,J10w,975.2258091284647
Kotonowaka,M18e,202003,9,M18e,1047.7442078407462
Asagyokusei,J12e,201907,10,NULL,918.8850817808864
Kaisho,J11e,201909,12,J14w,952.1897719998061
Kotoshoho,J6e,202003,13,J6e,1050.9067709620922
Hoshoryu,J9w,202003,13,J9w,955.4755934116914
Midorifuji,J11w,202003,2,J11w,922.5892044600455
